epoch,step,train_loss
0,29,2.844590902328491
0,59,1.71938157081604
